id,estado,nave,columna,fila,imagen
I-1937,"3 dedos, 2 pinzas",3,C01,1,I-1937.jpeg
I-1911,18 pinzas,3,C01,1,I-1911.jpeg
I-1906,EOAT,3,C01,2,I-1906.jpeg
I-1905,"8 ventosas, 4 dedos",3,C01,2,I-1905.jpeg
I-1926,4 ventosas,3,C01,3,I-1926.jpeg
I-1864,EOAT,3,C01,3,I-1864.jpeg
I-1936,EOAT,3,C02,1,I-1936.jpeg
I-1904,"8 ventosas, 7 dedos, 4 pinzas",3,C02,1,I-1904.jpeg
I-1884,"2 ventosas, 2 dedos",3,C02,2,I-1884.jpeg
I-1882,"2 ventosas, 3 dedos",3,C02,2,I-1882.jpeg
I-1883,"6 ventosas, 2 dedos, 1 pinza",3,C02,3,I-1883.jpeg
I-1880,EOAT,3,C02,3,I-1880.jpeg
I-1881,"6 ventosas, 2 dedos, 1 pinza",3,C03,1,I-1881.jpeg
I-1875,"9 ventosas, 6 pinzas, 6 dedos",3,C03,1,I-1875.jpeg
I-1859,"4 ventosas, 6 pinzas",3,C03,2,I-1859.jpeg
I-1858,"2 ventosas, 2 dedos, 5 pinzas",3,C03,2,I-1858.jpeg
I-1840,4 ventosas,3,C03,3,I-1840.jpeg
I-1839,3 pinzas,3,C03,3,I-1839.jpeg
I-1834,"3 ventosas, 2 dedos",3,C03,3,I-1834.jpeg
I-1857,"4 ventosas, 2 dedos, 6 pinzas",3,C04,1,I-1857.jpeg
I-1846,4 dedos,3,C04,1,I-1846.jpeg
I-1824,EOAT,3,C04,2,I-1824.jpeg
I-1817,"4 ventosas, 2 dedos, 3 pinzas",3,C04,2,I-1817.jpeg
I-1816,EOAT,3,C04,3,I-1816.jpeg
I-1812,EOAT,3,C04,3,I-1812.jpeg
I-1699,EOAT,3,C05,1,I-1699.jpeg
I-1565,EOAT,3,C05,1,I-1565.jpeg
I-1789,EOAT,3,C05,2,I-1789.jpeg
I-1720,"1 ventosa, 4 pinzas",3,C05,3,I-1720.jpeg
I-1799,EOAT,3,C06,1,I-1799.jpeg
I-1798,EOAT,3,C06,1,I-1798.jpeg
I-1788,EOAT,3,C06,2,I-1788.jpeg
I-1745,EOAT,3,C06,2,I-1745.jpeg
I-1719,"2 ventosas, 1 dedo, 3 pinzas",3,C06,3,I-1719.jpeg
I-1718,"2 dedos, 4 pinzas",3,C06,3,I-1718.jpeg
I-1700,EOAT,3,C07,1,I-1700.jpeg
I-1698,EOAT,3,C07,1,I-1698.jpeg
I-1696,EOAT,3,C07,2,I-1696.jpeg
I-1695,EOAT,3,C07,3,I-1695.jpeg
I-1694,EOAT,3,C07,3,I-1694.jpeg
I-1680,"2 ventosas, 3 pinzas",3,C08,1,I-1680.jpeg
I-1668,"2 ventosas, 2 pinzas",3,C08,1,I-1668.jpeg
I-1693,EOAT,3,C08,2,I-1693.jpeg
I-1640,"4 ventosas, 3 pinzas",3,C08,3,I-1640.jpeg
I-1634,"4 ventosas, 6 pinzas",3,C08,3,I-1634.jpeg
I-1629,EOAT,3,C09,1,I-1629.jpeg
I-1907,EOAT,3,C09,2,I-1907.jpeg
I-1622,EOAT,3,C09,3,I-1622.jpeg
I-1610,EOAT,3,C10,1,I-1610.jpeg
I-1805,EOAT,3,C10,2 y 3,I-1805.jpeg
I-1691,Base para fin de brazo en Maq. 316,3,C10,2 y 3,I-1691.jpeg
I-1592,EOAT,3,C11,1,I-1592.jpeg
I-1591,EOAT,3,C11,1,I-1591.jpeg
I-1553,EOAT,3,C11,2,I-1553.jpeg
Obstruido,Obstruido,3,C11,3,
Obstruido,Obstruido,3,C12,1,
Obstruido,Obstruido,3,C12,2,
Obstruido,Obstruido,3,C12,3,
Libre,Libre,3,C17,1,
Libre,Libre,3,C17,2,
I-1697,EOAT,3,C17,3,I-1697.jpeg
I-1689,EOAT,3,C18,1,I-1689.jpeg
I-1564,EOAT,3,C18,2,I-1564.jpeg
I-1472,EOAT,3,C18,2,I-1472.jpeg
Libre,Libre,3,C18,3,
I-1938,EOAT,3,C19,1,I-1938.jpeg
I-1888,EOAT,3,C19,1,I-1888.jpeg
I-1641,"4 ventosas, 4 pinzas",3,C19,2,I-1641.jpeg
I-1599,EOAT,3,C19,2,I-1599.jpeg
I-1544,EOAT,3,C19,3,I-1544.jpeg
I-1914,EOAT,3,C20,1,I-1914.jpeg
I-1901,EOAT,3,C20,1,I-1901.jpeg
I-1797,EOAT,3,C20,2,I-1797.jpeg
I-1501,EOAT,3,C20,2,I-1501.jpeg
I-1919,EOAT,3,C20,3,I-1919.jpeg
I-1706,EOAT,3,C20,3,I-1706.jpeg
I-1595,EOAT,2,C13,1,I-1595.jpeg
I-1593,EOAT,2,C13,1,I-1593.jpeg
Libre,Libre,2,C13,2,
I-1598,EOAT,2,C13,3,I-1598.jpeg
I-1597,EOAT,2,C13,3,I-1597.jpeg
I-1945,EOAT,2,C14,1,I-1945.jpeg
I-1635,"4 ventosas, 6 pinzas",2,C14,1,I-1635.jpeg
I-1630,EOAT,2,C14,2,I-1630.jpeg
I-1623,EOAT,2,C14,3,I-1623.jpeg
I-1711,"4 ventosas, 2 pinzas",2,C15,1,I-1711.jpeg
I-1707,"4 ventosas, 2 pinzas",2,C15,1,I-1707.jpeg
I-1678,2 pinzas,2,C15,2,I-1678.jpeg
I-1657,4 ventosas,2,C15,2,I-1657.jpeg
I-1701,EOAT,2,C15,3,I-1701.jpeg
I-1666,"4 ventosas, 1 pinza",2,C15,3,I-1666.jpeg
I-1791,EOAT,2,C16,1,I-1791.jpeg
I-1790,EOAT,2,C16,1,I-1790.jpeg
I-1752,"2 ventosas, 4 pinzas",2,C16,2,I-1752.jpeg
I-1713,"4 ventosas, 2 pinzas",2,C16,2,I-1713.jpeg
I-1712,4 ventosas,2,C16,3,I-1712.jpeg
I-1703,EOAT,2,C16,3,I-1703.jpeg
I-1571,EOAT,2,C21,1,I-1571.jpeg
I-1552,EOAT,2,C21,2,I-1552.jpeg
I-1534,EOAT,2,C21,3,I-1534.jpeg
I-1532,EOAT,2,C21,3,I-1532.jpeg
I-1555,EOAT,2,C22,1,I-1555.jpeg
I-1528,EOAT,2,C22,2,I-1528.jpeg
I-1527,EOAT,2,C22,2,I-1527.jpeg
I-1524,EOAT,2,C22,3,I-1524.jpeg
I-1500,EOAT,2,C22,3,I-1500.jpeg
I-1499,EOAT,2,C23,1,I-1499.jpeg
I-1579,EOAT,2,C23,2,I-1579.jpeg
I-1473,EOAT,2,C23,3,I-1473.jpeg
I-1431,EOAT,2,C23,3,I-1431.jpeg
I-1850,"4 ventosas, 2 pinzas",2,C24,1,I-1850.jpeg
I-1923,EOAT,2,C24,2,I-1923.jpeg
I-1547,EOAT,2,C24,3,I-1547.jpeg
I-1692,EOAT,2,C25,1,I-1692.jpeg
I-1688,EOAT,2,C25,1,I-1688.jpeg
I-1466,EOAT,2,C25,2,I-1466.jpeg
I-1429,EOAT,2,C25,2,I-1429.jpeg
I-1467,EOAT,2,C25,3,I-1467.jpeg
I-1362,EOAT,2,C25,3,I-1362.jpeg
Libre,Libre,2,C26,1,
Libre,Libre,2,C26,2,
Libre,Libre,2,C26,3,
Libre,Libre,2,C27,1,
Libre,Libre,2,C27,2,
I-1908,EOAT,2,C27,3,I-1908.jpeg
Libre,Libre,2,C28,1,
Libre,Libre,2,C28,2,
Libre,Libre,2,C28,3,
I-1930,EOAT,1,C01,1,I-1930.jpeg
I-1915,EOAT,1,C01,1,I-1915.jpeg
I-1910,EOAT,1,C01,1,I-1910.jpeg
I-1924,2 pinzas,1,C01,2,I-1924.jpeg
I-1922,"15 ventosas, 2 pinzas",1,C01,2,I-1922.jpeg
I-1921,"15 ventosas, 4 pinzas",1,C01,2,I-1921.jpeg
I-1928,"8 dedos, 4 pinzas",1,C01,3,I-1928.jpeg
I-1925,EOAT,1,C01,3,I-1925.jpeg
I-1935,"2 ventosas, 2 dedos",1,C01,4,I-1935.jpeg
I-1934,4 pinzas,1,C01,4,I-1934.jpeg
I-1933,"8 ventosas, 2 pinzas",1,C01,4,I-1933.jpeg
I-1898,"2 ventosas, 1 pinza",1,C01,4,I-1898.jpeg
I-1931,EOAT,1,C02,1,I-1931.jpeg
I-1894,"2 ventosas, 4 dedos, 1 pinza",1,C02,1,I-1894.jpeg
I-1893,EOAT,1,C02,1,I-1893.jpeg
I-1892,EOAT,1,C02,1,I-1892.jpeg
I-1897,6 pinzas,1,C02,2,I-1897.jpeg
I-1895,12 ventosas,1,C02,2,I-1895.jpeg
I-1900,"2 pinzas de corte, 3 pinzas",1,C02,3,I-1900.jpeg
I-1899,EOAT,1,C02,3,I-1899.jpeg
I-1912,"2 ventosas, 2 pinzas",1,C02,4,I-1912.jpeg
I-1909,EOAT,1,C02,4,I-1909.jpeg
I-1902,"4 ventosas, 2 pinzas",1,C02,4,I-1902.jpeg
I-1865,"4 ventosas, 1 pinza",1,C03,1,I-1865.jpeg
I-1873,EOAT,1,C03,2,I-1873.jpeg
I-1872,"1 ventosa, 2 pinzas",1,C03,2,I-1872.jpeg
I-1866,"4 ventosas, 1 pinza",1,C03,2,I-1866.jpeg
I-1877,"6 ventosas, 1 pinza",1,C03,3,I-1877.jpeg
I-1876,EOAT,1,C03,3,I-1876.jpeg
I-1874,"2 ventosas, 4 dedos, 1 pinza",1,C03,3,I-1874.jpeg
I-1891,"4 ventosas, 2 pinzas",1,C03,4,I-1891.jpeg
I-1890,2 pinzas,1,C03,4,I-1890.jpeg
I-1889,2 pinzas,1,C03,4,I-1889.jpeg
I-1878,EOAT,1,C03,4,I-1878.jpeg
I-1843,"2 ventosas, 1 pinza",1,C04,1,I-1843.jpeg
I-1842,EOAT,1,C04,1,I-1842.jpeg
I-1841,"2 ventosas, 1 pinza",1,C04,1,I-1841.jpeg
I-1833,"2 ventosas, 2 pinzas",1,C04,1,I-1833.jpeg
I-1848,4 ventosas,1,C04,2,I-1848.jpeg
I-1847,"3 ventosas, 1 pinza",1,C04,2,I-1847.jpeg
I-1851,"4 ventosas, 2 pinzas",1,C04,3,I-1851.jpeg
I-1849,EOAT,1,C04,3,I-1849.jpeg
I-1845,"2 ventosas, 1 pinza",1,C04,3,I-1845.jpeg
I-1855,EOAT,1,C04,4,I-1855.jpeg
I-1854,2 ventosas,1,C04,4,I-1854.jpeg
I-1853,2 pinzas,1,C04,4,I-1853.jpeg
I-1852,EOAT,1,C04,4,I-1852.jpeg
I-1787,2 ventosas,1,C05,1,I-1787.jpeg
I-1786,"6 ventosas, 1 pinza",1,C05,1,I-1786.jpeg
I-1815,"4 ventosas, 1 pinza",1,C05,2,I-1815.jpeg
I-1814,"4 ventosas, 1 pinza",1,C05,2,I-1814.jpeg
I-1813,"4 ventosas, 2 pinzas",1,C05,2,I-1813.jpeg
I-1823,4 pinzas,1,C05,3,I-1823.jpeg
I-1822,"4 ventosas, 1 pinza",1,C05,3,I-1822.jpeg
I-1819,"1 ventosa, 2 pinzas",1,C05,3,I-1819.jpeg
I-1818,2 pinzas,1,C05,3,I-1818.jpeg
I-1830,"2 ventosas, 1 pinza",1,C05,4,I-1830.jpeg
I-1828,4 ventosas,1,C05,4,I-1828.jpeg
I-1827,"4 dedos, 2 pinzas",1,C05,4,I-1827.jpeg
I-1777,"4 ventosas, 1 pinza",1,C06,1,I-1777.jpeg
I-1776,"4 ventosas, 1 pinza",1,C06,1,I-1776.jpeg
I-1775,6 pinzas,1,C06,1,I-1775.jpeg
I-1779,"4 ventosas, 2 pinzas",1,C06,2,I-1779.jpeg
I-1778,"4 ventosas, 2 pinzas",1,C06,2,I-1778.jpeg
I-1774,EOAT,1,C06,2,I-1774.jpeg
I-1785,"4 ventosas, 1 pinza",1,C06,3,I-1785.jpeg
I-1784,"4 ventosas, 1 pinza",1,C06,3,I-1784.jpeg
I-1783,"4 ventosas, 1 pinza",1,C06,3,I-1783.jpeg
I-1782,"4 ventosas, 2 pinzas, 4 dedos",1,C06,4,I-1782.jpeg
I-1780,EOAT,1,C06,4,I-1780.jpeg
I-1735,1 pinza,1,C07,1,I-1735.jpeg
I-1734,1 pinza,1,C07,1,I-1734.jpeg
I-1733,"4 ventosas, 1 pinza",1,C07,1,I-1733.jpeg
I-1767,EOAT,1,C07,2,I-1767.jpeg
I-1766,6 ventosas,1,C07,2,I-1766.jpeg
I-1751,"2 ventosas, 1 pinza",1,C07,2,I-1751.jpeg
I-1773,"4 ventosas, 2 dedos, 2 pinzas",1,C07,3 y 4,I-1773.jpeg
I-1772,"2 dedos, 6 pinzas",1,C07,3 y 4,I-1772.jpeg
I-1771,"2 dedos, 7 pinzas",1,C07,3 y 4,I-1771.jpeg
I-1716,"2 ventosas, 1 pinza",1,C08,1,I-1716.jpeg
I-1715,"4 ventosas, 1 pinza",1,C08,1,I-1715.jpeg
I-1710,"2 ventosas, 2 pinzas",1,C08,1,I-1710.jpeg
I-1722,"2 ventosas, 2 dedos, 1 pinza",1,C08,2,I-1722.jpeg
I-1721,"2 ventosas, 1 pinza",1,C08,2,I-1721.jpeg
I-1717,"2 ventosas, 1 pinza",1,C08,2,I-1717.jpeg
I-1729,"4 ventosas, 1 pinza",1,C08,3,I-1729.jpeg
I-1728,"2 ventosas, 1 pinza",1,C08,3,I-1728.jpeg
I-1725,"2 ventosas, 1 pinza",1,C08,3,I-1725.jpeg
I-1732,"2 ventosas, 2 pinzas",1,C08,4,I-1732.jpeg
I-1731,"4 ventosas, 2 pinzas",1,C08,4,I-1731.jpeg
I-1730,"4 ventosas, 1 pinza",1,C08,4,I-1730.jpeg
I-1675,"2 ventosas, 1 pinza",1,C09,1,I-1675.jpeg
I-1674,3 pinzas,1,C09,1,I-1674.jpeg
I-1673,3 pinzas,1,C09,1,I-1673.jpeg
I-1672,"2 ventosas, 1 pinza",1,C09,1,I-1672.jpeg
I-1679,"4 ventosas, 1 pinza",1,C09,2,I-1679.jpeg
I-1677,"4 ventosas, 1 pinza",1,C09,2,I-1677.jpeg
I-1676,"4 ventosas, 2 pinzas",1,C09,2,I-1676.jpeg
I-1687,EOAT,1,C09,3,I-1687.jpeg
I-1681,"2 ventosas, 1 pinza",1,C09,3,I-1681.jpeg
I-1709,"2 ventosas, 1 pinza",1,C09,4,I-1709.jpeg
I-1708,"2 ventosas, 1 pinza",1,C09,4,I-1708.jpeg
I-1690,EOAT,1,C09,4,I-1690.jpeg
I-1655,"2 ventosas, 1 pinza",1,C10,1,I-1655.jpeg
I-1654,"2 ventosas, 1 pinza",1,C10,1,I-1654.jpeg
I-1653,"2 ventosas, 1 pinza",1,C10,1,I-1653.jpeg
I-1652,"2 ventosas, 1 pinza",1,C10,1,I-1652.jpeg
I-1660,2 ventosas,1,C10,2,I-1660.jpeg
I-1659,1 ventosa,1,C10,2,I-1659.jpeg
I-1658,"2 ventosas, 1 pinza",1,C10,2,I-1658.jpeg
I-1656,"4 ventosas, 1 pinza",1,C10,2,I-1656.jpeg
I-1669,"2 ventosas, 1 pinza",1,C10,3,I-1669.jpeg
I-1667,"2 ventosas, 2 pinzas",1,C10,3,I-1667.jpeg
I-1665,6 ventosas,1,C10,3,I-1665.jpeg
I-1664,"4 ventosas, 1 pinza",1,C10,3,I-1664.jpeg
I-1662,"2 ventosas, 1 pinza",1,C10,3,I-1662.jpeg
I-1661,EOAT,1,C10,3,I-1661.jpeg
I-1671,"4 ventosas, 1 pinza",1,C10,4,I-1671.jpeg
I-1670,"1 ventosa, 1 pinza",1,C10,4,I-1670.jpeg
I-1637,"2 ventosas, 1 pinza",1,C11,1,I-1637.jpeg
I-1636,"6 ventosas, 1 pinza",1,C11,1,I-1636.jpeg
I-1633,"2 ventosas, 2 pinzas, 2 dedos",1,C11,1,I-1633.jpeg
I-1643,"3 ventosas, 1 pinza",1,C11,2,I-1643.jpeg
I-1642,3 pinzas,1,C11,2,I-1642.jpeg
I-1639,"4 ventosas, 1 pinza",1,C11,2,I-1639.jpeg
I-1638,"4 ventosas, 2 pinzas",1,C11,2,I-1638.jpeg
I-1647,"4 ventosas, 1 pinza",1,C11,3,I-1647.jpeg
I-1646,"4 ventosas, 1 pinza",1,C11,3,I-1646.jpeg
I-1645,"4 ventosas, 1 pinza",1,C11,3,I-1645.jpeg
I-1644,"4 ventosas, 1 pinza",1,C11,3,I-1644.jpeg
I-1651,"2 ventosas, 1 pinza",1,C11,4,I-1651.jpeg
I-1650,"2 ventosas, 1 pinza",1,C11,4,I-1650.jpeg
I-1649,"4 ventosas, 1 pinza",1,C11,4,I-1649.jpeg
I-1648,"6 ventosas, 1 pinza",1,C11,4,I-1648.jpeg
I-1617,EOAT,1,C12,1,I-1617.jpeg
I-1616,EOAT,1,C12,1,I-1616.jpeg
I-1615,EOAT,1,C12,1,I-1615.jpeg
I-1624,EOAT,1,C12,2,I-1624.jpeg
I-1621,EOAT,1,C12,2,I-1621.jpeg
I-1618,EOAT,1,C12,2,I-1618.jpeg
I-1628,EOAT,1,C12,3,I-1628.jpeg
I-1627,EOAT,1,C12,3,I-1627.jpeg
I-1625,EOAT,1,C12,3,I-1625.jpeg
I-1632,"2 ventosas, 2 pinzas, 2 dedos",1,C12,4,I-1632.jpeg
I-1631,EOAT,1,C12,4,I-1631.jpeg
I-1594,"2 ventosas, 1 pinza",1,C13,1,I-1594.jpeg
Libre,Libre,1,C13,2,
I-1606,EOAT,1,C13,3,I-1606.jpeg
I-1605,"4 ventosas, 1 pinza",1,C13,3,I-1605.jpeg
I-1600,"2 ventosas, 1 pinza",1,C13,3,I-1600.jpeg
I-1614,"1 pinza, 1 ventosa",1,C13,4,I-1614.jpeg
I-1612,2 pinzas,1,C13,4,I-1612.jpeg
I-1611,2 pinzas,1,C13,4,I-1611.jpeg
I-1607,EOAT,1,C13,4,I-1607.jpeg
I-1574,"8 ventosas, 1 pinza",1,C14,1,I-1574.jpeg
I-1573,"8 ventosas, 1 pinza",1,C14,1,I-1573.jpeg
I-1572,4 ventosas,1,C14,1,I-1572.jpeg
I-1586,"1 pinza, 2 ventosas",1,C14,2,I-1586.jpeg
I-1584,2 ventosas,1,C14,2,I-1584.jpeg
I-1583,"2 ventosas, 2 pinzas",1,C14,2,I-1583.jpeg
I-1582,2 ventosas,1,C14,2,I-1582.jpeg
I-1588,"2 ventosas, 1 pinza",1,C14,3,I-1588.jpeg
I-1587,"4 ventosas, 2 pinzas",1,C14,3,I-1587.jpeg
I-1585,2 ventosas,1,C14,3,I-1585.jpeg
I-1589,2 ventosas,1,C14,4,I-1589.jpeg
I-1581,"2 ventosas, 2 pinzas",1,C14,4,I-1581.jpeg
I-1562,"4 ventosas, 1 pinza",1,C14,4,I-1562.jpeg
I-1516,EOAT,1,C15,1,I-1516.jpeg
I-1515,EOAT,1,C15,1,I-1515.jpeg
I-1514,12 ventosas,1,C15,1,I-1514.jpeg
I-1566,EOAT,1,C15,2,I-1566.jpeg
I-1557,EOAT,1,C15,2,I-1557.jpeg
I-1545,EOAT,1,C15,2,I-1545.jpeg
I-1538,EOAT,1,C15,2,I-1538.jpeg
I-1560,EOAT,1,C15,3,I-1560.jpeg
I-1559,EOAT,1,C15,3,I-1559.jpeg
I-1558,1 pinza,1,C15,3,I-1558.jpeg
I-1543,"4 ventosas, 1 pinza",1,C15,4,I-1543.jpeg
I-1366,EOAT,1,C16,1,I-1366.jpeg
I-1361,"2 ventosas, 1 pinza",1,C16,1,I-1361.jpeg
I-1360,2 pinzas,1,C16,1,I-1360.jpeg
I-1370,2 pinzas,1,C16,2,I-1370.jpeg
I-1368,EOAT,1,C16,2,I-1368.jpeg
I-1367,4 ventosas,1,C16,2,I-1367.jpeg
I-1468,"2 ventosas, 1 pinza",1,C16,3,I-1468.jpeg
I-1463,1 ventosa,1,C16,3,I-1463.jpeg
I-1455,4 ventosas,1,C16,3,I-1455.jpeg
I-1424,"2 ventosas, 1 pinza",1,C16,3,I-1424.jpeg
I-1494,"4 ventosas, se agregaron pinzas de corte",1,C16,4,I-1494.jpeg
I-1493,"4 ventosas, se agregaron pinzas de corte",1,C16,4,I-1493.jpeg
I-1474,"4 ventosas, 1 pinza",1,C16,4,I-1474.jpeg
